INSERT INTO module_groups ([id],[name],[descID], [descEN], [created], [updated]) VALUES
('GPQ', 'GPQ', 'Deskripsi Bahasa Indonesia...', 'Deskripsi Bahasa Inggris...', '2022-12-22T10:28:06.085Z', '2022-12-22T10:28:06.085Z'),
('AIME', 'AIME', 'Deskripsi Bahasa Indonesia...', 'Deskripsi Bahasa Inggris...', '2022-12-22T10:28:06.085Z', '2022-12-22T10:28:06.085Z'),
('CSI', 'CSI', 'Deskripsi Bahasa Indonesia...', 'Deskripsi Bahasa Inggris...', '2022-12-22T10:28:06.085Z', '2022-12-22T10:28:06.085Z'),
('GMATE', 'GMATE', 'Deskripsi Bahasa Indonesia...', 'Deskripsi Bahasa Inggris...', '2022-12-22T10:28:06.085Z', '2022-12-22T10:28:06.085Z'),
('GGATE', 'GGATE', 'Deskripsi Bahasa Indonesia...', 'Deskripsi Bahasa Inggris...', '2022-12-22T10:28:06.085Z', '2022-12-22T10:28:06.085Z'),
('GPRO-LD', 'GPRO-LD', 'Deskripsi Bahasa Indonesia...', 'Deskripsi Bahasa Inggris...', '2022-12-22T10:28:06.085Z', '2022-12-22T10:28:06.085Z'),
('GPRO-MA', 'GPRO-MA', 'Deskripsi Bahasa Indonesia...', 'Deskripsi Bahasa Inggris...', '2022-12-22T10:28:06.085Z', '2022-12-22T10:28:06.085Z'),
('GPRO-DM', 'GPRO-DM', 'Deskripsi Bahasa Indonesia...', 'Deskripsi Bahasa Inggris...', '2022-12-22T10:28:06.085Z', '2022-12-22T10:28:06.085Z'),
('GPRO-EM', 'GPRO-EM', 'Deskripsi Bahasa Indonesia...', 'Deskripsi Bahasa Inggris...', '2022-12-22T10:28:06.085Z', '2022-12-22T10:28:06.085Z'),
('GRPO-LM', 'GRPO-LM', 'Deskripsi Bahasa Indonesia...', 'Deskripsi Bahasa Inggris...', '2022-12-22T10:28:06.085Z', '2022-12-22T10:28:06.085Z'),
('INTRAY', 'INTRAY', 'Deskripsi Bahasa Indonesia...', 'Deskripsi Bahasa Inggris...', '2022-12-22T10:28:06.085Z', '2022-12-22T10:28:06.085Z'),
('BIZCASE', 'BIZCASE', 'Deskripsi Bahasa Indonesia...', 'Deskripsi Bahasa Inggris...', '2022-12-22T10:28:06.085Z', '2022-12-22T10:28:06.085Z'),
('LGD', 'LGD', 'Deskripsi Bahasa Indonesia...', 'Deskripsi Bahasa Inggris...', '2022-12-22T10:28:06.085Z', '2022-12-22T10:28:06.085Z'),
('PRESENTATION', 'PRESENTATION', 'Deskripsi Bahasa Indonesia...', 'Deskripsi Bahasa Inggris...', '2022-12-22T10:28:06.085Z', '2022-12-22T10:28:06.085Z'),
('INTERVIEW', 'INTERVIEW', 'Deskripsi Bahasa Indonesia...', 'Deskripsi Bahasa Inggris...', '2022-12-22T10:28:06.085Z', '2022-12-22T10:28:06.085Z');

INSERT INTO modules VALUES
('GPQ-ID0', 'GPQ', 'ID', 0, 30, 'selftest', 'GPQ', 'Module description...', 123456, '2022-12-22T10:13:24.564Z', '2022-12-22T10:13:24.564Z'),
('AIME-ID0', 'AIME', 'ID', 0, 30, 'selftest', 'G-AIME', 'Module description...', 123456, '2022-12-22T10:13:24.564Z', '2022-12-22T10:13:24.564Z'),
('CSI-ID0', 'CSI', 'ID', 0, 30, 'selftest', 'G-CSI', 'Module description...', 123456, '2022-12-22T10:13:24.564Z', '2022-12-22T10:13:24.564Z'),
('GMATE-ID0', 'GMATE', 'ID', 0, 75, 'selftest', 'G-MATe', 'Module description...', 123456, '2022-12-22T10:13:24.564Z', '2022-12-22T10:13:24.564Z'),
('GGATE-ID0', 'GGATE', 'ID', 0, 70, 'selftest', 'G-GATe (Verbal, Abstrak, Numerik)', 'Module description...', 123456, '2022-12-22T10:13:24.564Z', '2022-12-22T10:13:24.564Z'),
('GPRO-LD-ID0', 'GPRO-LD', 'ID', 0, 30, 'selftest', 'G-PRO - Leadership', 'Module description...', 123456, '2022-12-22T10:13:24.564Z', '2022-12-22T10:13:24.564Z'),
('GPRO-MA-ID0', 'GPRO-MA', 'ID', 0, 30, 'selftest', 'G-PRO - Management Action', 'Module description...', 123456, '2022-12-22T10:13:24.564Z', '2022-12-22T10:13:24.564Z'),
('GPRO-DM-ID0', 'GPRO-DM', 'ID', 0, 30, 'selftest', 'G-PRO - Decision Making', 'Module description...', 123456, '2022-12-22T10:13:24.564Z', '2022-12-22T10:13:24.564Z'),
('GPRO-EM-ID0', 'GPRO-EM', 'ID', 0, 30, 'selftest', 'G-PRO - Empowerment', 'Module description...', 123456, '2022-12-22T10:13:24.564Z', '2022-12-22T10:13:24.564Z'),
('GRPO-LM-ID0', 'GRPO-LM', 'ID', 0, 30, 'selftest', 'G-PRO - Leadership & Management 360°', 'Module description...', 123456, '2022-12-22T10:13:24.564Z', '2022-12-22T10:13:24.564Z'),
('INTRAY-ID1', 'INTRAY', 'ID', 1, 120, 'selftest', 'Intray - Umum Level Staff', 'Module description...', 123456, '2022-12-22T10:13:24.564Z', '2022-12-22T10:13:24.564Z'),
('INTRAY-ID2', 'INTRAY', 'ID', 2, 120, 'selftest', 'Intray - Umum Level Supervisor', 'Module description...', 123456, '2022-12-22T10:13:24.564Z', '2022-12-22T10:13:24.564Z'),
('INTRAY-ID3', 'INTRAY', 'ID', 3, 120, 'selftest', 'Intray - Umum Level Assisstant Manager', 'Module description...', 123456, '2022-12-22T10:13:24.564Z', '2022-12-22T10:13:24.564Z'),
('INTRAY-ID4', 'INTRAY', 'ID', 4, 120, 'selftest', 'Intray - Umum Level Manager', 'Module description...', 123456, '2022-12-22T10:13:24.564Z', '2022-12-22T10:13:24.564Z'),
('INTRAY-ID5', 'INTRAY', 'ID', 5, 120, 'selftest', 'Intray - Umum Level Senior Manager/GM', 'Module description...', 123456, '2022-12-22T10:13:24.564Z', '2022-12-22T10:13:24.564Z'),
('BIZCASE-ID1', 'BIZCASE', 'ID', 1, 60, 'selftest', 'Case Analysis - Umum Level Staff', 'Module description...', 123456, '2022-12-22T10:13:24.564Z', '2022-12-22T10:13:24.564Z'),
('BIZCASE-ID2', 'BIZCASE', 'ID', 2, 60, 'selftest', 'Case Analysis - Umum Level Supervisor', 'Module description...', 123456, '2022-12-22T10:13:24.564Z', '2022-12-22T10:13:24.564Z'),
('BIZCASE-ID3', 'BIZCASE', 'ID', 3, 60, 'selftest', 'Case Analysis - Umum Level Assisstant Manager', 'Module description...', 123456, '2022-12-22T10:13:24.564Z', '2022-12-22T10:13:24.564Z'),
('BIZCASE-ID4', 'BIZCASE', 'ID', 4, 60, 'selftest', 'Case Analysis - Umum Level Manager', 'Module description...', 123456, '2022-12-22T10:13:24.564Z', '2022-12-22T10:13:24.564Z'),
('BIZCASE-ID5', 'BIZCASE', 'ID', 5, 60, 'selftest', 'Case Analysis - Umum Level Senior Manager/GM', 'Module description...', 123456, '2022-12-22T10:13:24.564Z', '2022-12-22T10:13:24.564Z'),
('LGD-ID1', 'LGD', 'ID', 1, 60, 'assisted', 'Leaderless Group Discussion (LGD) - Umum Level Staff', 'Module description...', 123456, '2022-12-22T10:13:24.564Z', '2022-12-22T10:13:24.564Z'),
('LGD-ID2', 'LGD', 'ID', 2, 60, 'assisted', 'Leaderless Group Discussion (LGD) - Umum Level Supervisor', 'Module description...', 123456, '2022-12-22T10:13:24.564Z', '2022-12-22T10:13:24.564Z'),
('LGD-ID3', 'LGD', 'ID', 3, 60, 'assisted', 'Leaderless Group Discussion (LGD) - Umum Level Assisstant Manager', 'Module description...', 123456, '2022-12-22T10:13:24.564Z', '2022-12-22T10:13:24.564Z'),
('LGD-ID4', 'LGD', 'ID', 4, 60, 'assisted', 'Leaderless Group Discussion (LGD) - Umum Level Manager', 'Module description...', 123456, '2022-12-22T10:13:24.564Z', '2022-12-22T10:13:24.564Z'),
('LGD-ID5', 'LGD', 'ID', 5, 60, 'assisted', 'Leaderless Group Discussion (LGD) - Umum Level Senior Manager/GM', 'Module description...', 123456, '2022-12-22T10:13:24.564Z', '2022-12-22T10:13:24.564Z'),
('PRESENTATION-ID1', 'PRESENTATION', 'ID', 1, 60, 'assisted', 'Presentasi - Umum Level Staff', 'Module description...', 123456, '2022-12-22T10:13:24.564Z', '2022-12-22T10:13:24.564Z'),
('PRESENTATION-ID2', 'PRESENTATION', 'ID', 2, 60, 'assisted', 'Presentasi - Umum Level Supervisor', 'Module description...', 123456, '2022-12-22T10:13:24.564Z', '2022-12-22T10:13:24.564Z'),
('PRESENTATION-ID3', 'PRESENTATION', 'ID', 3, 60, 'assisted', 'Presentasi - Umum Level Assisstant Manager', 'Module description...', 123456, '2022-12-22T10:13:24.564Z', '2022-12-22T10:13:24.564Z'),
('PRESENTATION-ID4', 'PRESENTATION', 'ID', 4, 60, 'assisted', 'Presentasi - Umum Level Manager', 'Module description...', 123456, '2022-12-22T10:13:24.564Z', '2022-12-22T10:13:24.564Z'),
('PRESENTATION-ID5', 'PRESENTATION', 'ID', 5, 60, 'assisted', 'Presentasi - Umum Level Senior Manager/GM', 'Module description...', 123456, '2022-12-22T10:13:24.564Z', '2022-12-22T10:13:24.564Z'),
('INTERVIEW-ID1', 'INTERVIEW', 'ID', 1, 120, 'assisted', 'Wawancara - Umum Level Staff', 'Module description...', 123456, '2022-12-22T10:13:24.564Z', '2022-12-22T10:13:24.564Z'),
('INTERVIEW-ID2', 'INTERVIEW', 'ID', 2, 120, 'assisted', 'Wawancara - Umum Level Supervisor', 'Module description...', 123456, '2022-12-22T10:13:24.564Z', '2022-12-22T10:13:24.564Z'),
('INTERVIEW-ID3', 'INTERVIEW', 'ID', 3, 120, 'assisted', 'Wawancara - Umum Level Assisstant Manager', 'Module description...', 123456, '2022-12-22T10:13:24.564Z', '2022-12-22T10:13:24.564Z'),
('INTERVIEW-ID4', 'INTERVIEW', 'ID', 4, 120, 'assisted', 'Wawancara - Umum Level Manager', 'Module description...', 123456, '2022-12-22T10:13:24.564Z', '2022-12-22T10:13:24.564Z'),
('INTERVIEW-ID5', 'INTERVIEW', 'ID', 5, 120, 'assisted', 'Wawancara - Umum Level Senior Manager/GM', 'Module description...', 123456, '2022-12-22T10:13:24.564Z', '2022-12-22T10:13:24.564Z');

INSERT INTO users VALUES
('6397c47ba009344a26c0db8e', '2022-12-13T02:25:27.661Z', '2022-12-13T02:25:27.661Z', 'nining', 'Nining Prasetya', 'nining@yahoo.com'),
('6397c47ba009344a26c0db8f', '2022-12-13T02:25:28.663Z', '2022-12-13T02:25:28.663Z', 'muhtar', 'Moch Muhtar', 'muhtar@gaiasol.com'),
('6397c47ba009344a26c0db90', '2022-12-13T02:25:29.640Z', '2022-12-13T02:25:29.640Z', 'riki', 'Riki Sutedja', 'riki@pln.co.id'),
('6397c47ba009344a26c0db91', '2022-12-13T02:25:30.580Z', '2022-12-13T02:25:30.580Z', 'hendro', 'Hendro Darmawan', 'hendro@gmail.com'),
('6397c47ba009344a26c0db92', '2022-12-13T02:25:31.579Z', '2022-12-13T02:25:31.579Z', 'dahlia', 'Dahlia Ningtyas', 'dahlia@yahoo.com'),
('6397c47ba009344a26c0db93', '2022-12-13T02:25:32.581Z', '2022-12-13T02:25:32.581Z', 'yosep', 'Yosep Tripriyanto', 'yosep@gaiasol.com');

INSERT INTO tenants VALUES
('6397c202f3d8a77b799c4291', '6397c47ba009344a26c0db8e', '2022-12-13T02:17:41.086Z', '2022-12-13T02:17:41.086Z', '2023-12-13T02:17:41.086Z', 'Badan Kepegawaian Negara', 'BKN', 'corporate', 'pro', '', 'Jl. Mayor Jenderal Sutoyo No. 12 Rt.004 Rw. 014', 'Kel. Celilitan Kec. Kramat Jati', 'Jakarta Timur', 'DKI Jakarta', '13510', '(021)80882815', 'humasbknri@gmail.com', 'bkn.go.id', 'Pemerintahan', '["Lainnya"]', '', '00.134.326.8-072.000', 'Badan Kepegawaian Negara Kantor Pusat Jakarta Badan Kepegawaian Negara', '', 'Jl. Mayor Jenderal Sutoyo No. 12 Rt.004', 'Celilitan', 'Kramat Jati', 'Jakarta Timur', 'DKI Jakarta', 'nova', '082174939302', 'nova@gmail.com', 'wawan', '081974839302', 'wawan@gmail.com'),
('6397c202f3d8a77b799c4292', '6397c47ba009344a26c0db8f', '2022-12-13T02:17:39.470Z', '2022-12-13T02:17:39.470Z', '2023-12-13T02:17:39.470Z', 'Dahlia Prasetya Ningtyas', 'Nining', 'partner', 'basic', '', 'Villa Pamulang Jl. Anggrek III DK3/12 RT.06 RW.012', 'Pondok Petir, Sawangan', 'Depok', 'Jawa Barat', '16511', '0217419564', 'niningwibowo@yahoo.com', '', 'Jasa', '["Lainnya"]', '', '24.214.572.0-412.001', 'Dahlia Prasetya Ningtyas', '3276034211700000', 'Villa Pamulang Jl. Anggrek III DK3/12 RT.06 RW.012', 'Pondok Petir', 'Sawangan', 'Depok', 'Jawa Barat', 'Dahlia Prasetya Ningtyas', '0818758460', 'niningwibowo@yahoo.com', 'Dahlia Prasetya Ningtyas', '0818758460', 'niningwibowo@yahoo.com'),
('6397c202f3d8a77b799c4293', '6397c47ba009344a26c0db90', '2022-12-13T02:17:40.020Z', '2022-12-13T02:17:40.020Z', '2023-12-13T02:17:40.020Z', 'PT Gaia Solutions', 'Gaia', 'partner', 'pro', '', 'Jl. Raya Poltangan No 17', 'Tanjung Barat, Jagakarsa', 'Jakarta Selatan', 'DKI', '12530', '(021) 29321691', 'gaia@gaiasol.com', 'gaiasol.com', 'Jasa', '["Lainnya"]', '', '02.205.693.1-542.000', 'PT GAIA SOLUTIONS', '', 'Jl. Raya Poltangan No 1', 'Tanjung Barat', 'Jagakarsa', 'Jakarta Selatan', 'DKI Jakarta', 'Muhtar', '081288493324', 'muhtar@gaiasol.com', 'Muhtar', '081288493324', 'muhtar@gaiasol.com');

INSERT INTO members VALUES
('6397c47ba009344a26c0db8e', '6397c202f3d8a77b799c4291', '', 'active', '2022-12-13T02:28:57.341Z', '2022-12-13T02:28:57.341Z', TRUE),
('6397c47ba009344a26c0db8f', '6397c202f3d8a77b799c4292', '', 'active', '2022-12-13T02:28:58.281Z', '2022-12-13T02:28:58.281Z', TRUE),
('6397c47ba009344a26c0db90', '6397c202f3d8a77b799c4293', '', 'active', '2022-12-13T02:28:59.188Z', '2022-12-13T02:28:59.188Z', TRUE),
('6397c47ba009344a26c0db91', '6397c202f3d8a77b799c4291', '', 'active', '2022-12-13T02:29:00.193Z', '2022-12-13T02:29:00.193Z', TRUE),
('6397c47ba009344a26c0db92', '6397c202f3d8a77b799c4293', '', 'active', '2022-12-13T02:29:00.921Z', '2022-12-13T02:29:00.921Z', TRUE),
('6397c47ba009344a26c0db93', '6397c202f3d8a77b799c4291', '', 'active', '2022-12-13T02:29:01.617Z', '2022-12-13T02:29:01.617Z', TRUE),
('6397c47ba009344a26c0db93', '6397c202f3d8a77b799c4293', '', 'active', '2022-12-13T02:29:01.617Z', '2022-12-13T02:29:01.617Z', FALSE);

INSERT INTO clients VALUES
('6397e13b601be4683fe46831', '6397c202f3d8a77b799c4292', '2022-12-13T02:19:39.203Z', '2022-12-13T02:19:39.203Z', 'PT Krakatau Steel (Persero) Tbk (Dahlia Prasetya Ningtyass)', 'Jalan Industri No. 5', 'Kel. Ramanuju Kec. Purwakarta', 'Cilegon', 'Banten', '42431', '(+62) 254 392159', 'corsec@krakatausteel.com', 'https://www.krakatausteel.com/', 'BUMN', '["Manufaktur"]', '', '01.000.054.5-051.000', 'PT Krakatau Steel (Persero) Tbk', '', 'Jalan Industri No. 5', 'Ramanuju', 'Purwakarta', 'Cilegon', 'Banten', 'Dodi', '0821029112484', 'dodi@krakatausteel.com'),
('6397e13b601be4683fe46832', '6397c202f3d8a77b799c4293', '2022-12-13T02:19:39.731Z', '2022-12-13T02:19:39.731Z', 'PT Mandiri Tunas Finance (Dahlia Prasetya Ningtyas)', 'Graha Mandiri Lt. 3A', 'Jl. Imam Bonjol No. 61', 'Jakarta Pusat', 'DKI Jakarta', '10330', '(+62) 21 4435235', 'hr@mtf.co.id', 'https://www.mtf.co.id/', 'Swasta', '["Finance"]', '', '01.343.661.3-093.000', 'PT Mandiri Tunas Finance', '', 'Graha Mandiri Lt. 3A, Jl. Imam Bonjol No. 61', 'Menteng', 'Menteng', 'Jakarta Pusat', 'DKI Jakarta', 'Budi', '087884939032', 'budi@mtf.co.id');

INSERT INTO projects VALUES
('63982fd581fcc61ce067ccc1', '6397c202f3d8a77b799c4291', null, '6397c47ba009344a26c0db8e', 'gana-kecabaian-33f', '2022-12-13T08:09:34.398Z', '2022-12-13T08:09:34.398Z', 'recruitment', 'Recruitment MT Periode 2022', 'Recruitment MT Periode 2022', '2022-02-02', '2022-05-02', '10-1-2022', 0, '2022-05-02', 'ID', '2022-05-02', '2022-05-02', 'Dodi', '0821029112484', 'dodi@krakatausteel.com'),
('63982fd581fcc61ce067ccc2', '6397c202f3d8a77b799c4292', '6397e13b601be4683fe46831', '6397c47ba009344a26c0db8f', 'krayon-agraris-340', '2022-12-13T08:09:35.015Z', '2022-12-13T08:09:35.015Z', 'assessment', 'Assessment Center Level Supervisor Batch # 2 Tahun 2022', 'Assessment Center Level Supervisor Batch # 2 Tahun 2022', '2022-05-02', '2022-05-02', '2022-05-02', 0, '2022-05-02', 'ID', '2022-05-02', '2022-05-02', 'Budi', '087884939032', 'budi@mtf.co.id'),
('63982fd581fcc61ce067ccc3', '6397c202f3d8a77b799c4293', '6397e13b601be4683fe46832', '6397c47ba009344a26c0db90', 'gigahertz-peok-341', '2022-12-13T08:09:35.515Z', '2022-12-13T08:09:35.515Z', 'competence', 'Mapping Level Staff', 'Mapping Level Staff', '2022-05-02', '2022-05-02', '2022-05-02', 0, '2022-05-02', 'ID', '2022-05-02', '2022-05-02', 'Wati', '08153839203', 'wati@mitrabaraadiperdana.co.id');
